<?xml version="1.0"?>
<Project Version="1" Minor="0">
	<BUILD_NUMBER Name="1149489"/>
	<FULL_BUILD Name="SW Build 1149489 on Thu Feb 19 16:00:12 MST 2015"/>
	<MODE Name="Post-Bitstream"/>
	<SYSTEMINFO BOARD="em.avnet.com:zed:part0:1.2" ARCH="zynq" PACKAGE="clg484" DEVICE="7z020" SPEED="-1" LUT="" FF="" BRAM="" DSP=""/>
	<HIERARCHY Name="design_1_i"/>
	<File Type="HW_HANDOFF" Name="design_1.hwh" ModTime="1458661380"/>
	<File Type="PS_FSBL_INIT" Name="ps7_init.c" ModTime="1458661380"/>
	<File Type="PS_FSBL_INIT" Name="ps7_init.h" ModTime="1458661380"/>
	<File Type="PS_FSBL_INIT_GPL" Name="ps7_init_gpl.c" ModTime="1458661380"/>
	<File Type="PS_FSBL_INIT_GPL" Name="ps7_init_gpl.h" ModTime="1458661380"/>
	<File Type="PS_XMD_INIT" Name="ps7_init.tcl" ModTime="1458661380"/>
	<File Type="PS_INIT_HELP" Name="ps7_init.html" ModTime="1458661380"/>
	<File Type="BIT" Name="design_1_wrapper.bit" ModTime="1458665505"/>
	<File Type="BMM" Name="design_1_wrapper.mmi" ModTime="1458665467"/>
	<File Type="BD_TCL" Name="four_port_sw_top.tcl" ModTime="1458661380"/>
	<File Type="BD_TCL" Name="design_1_bd.tcl" ModTime="1458661380"/>
	<USEDRESOURCES LUT="" FF="" BRAM="" DSP=""/>
</Project>

