<profile>

<section name = "Vivado HLS Report for 'four_port_sw'" level="0">
<item name = "Date">Mon Mar 28 03:48:10 2016
</item>
<item name = "Version">2014.4 (Build 1071461 on Tue Nov 18 16:42:57 PM 2014)</item>
<item name = "Project">four_port_router</item>
<item name = "Solution">solution1</item>
<item name = "Product family">zynq</item>
<item name = "Target device">xc7z020clg484-1</item>
</section>

<section name = "Performance Estimates" level="0">
<item name = "Timing (ns)">
<section name = "" level="1">
<item name = "Summary"><table name="" hasTotal="0">
<keys size="4">Clock, Target, Estimated, Uncertainty</keys>
<column name="default">10.00, 8.75, 1.25</column>
</table>
</item>
</section>
</item>
<item name = "Latency (clock cycles)">
<section name = "" level="1">
<item name = "Summary"><table name="" hasTotal="0">
<keys size="6">, min, max, min, max, Type</keys>
<column name="">0, 13, 1, 14, none</column>
</table>
</item>
<item name = "Detail">
<section name = "" level="1">
<item name = "Instance"><table name="" hasTotal="0">
<keys size="7">Instance, Module, min, max, min, max, Type</keys>
<column name="grp_four_port_sw_setupfw_rule_fu_492">four_port_sw_setupfw_rule, 4, 4, 4, 4, none</column>
<column name="grp_four_port_sw_entry_response_fu_708">four_port_sw_entry_response, 8, 8, 8, 8, none</column>
<column name="grp_four_port_sw_entry_sw_4_fu_924">four_port_sw_entry_sw_4, 4, 4, 4, 4, none</column>
<column name="grp_four_port_sw_entry_sw_3_fu_1140">four_port_sw_entry_sw_3, 4, 4, 4, 4, none</column>
<column name="grp_four_port_sw_entry_sw_2_fu_1356">four_port_sw_entry_sw_2, 4, 4, 4, 4, none</column>
<column name="grp_four_port_sw_entry_sw_1_fu_1572">four_port_sw_entry_sw_1, 4, 4, 4, 4, none</column>
<column name="grp_four_port_sw_interface_out_3_fu_1788">four_port_sw_interface_out_3, 5, 12, 5, 12, none</column>
<column name="grp_four_port_sw_interface_out_2_fu_2004">four_port_sw_interface_out_2, 5, 12, 5, 12, none</column>
<column name="grp_four_port_sw_interface_out_1_fu_2220">four_port_sw_interface_out_1, 5, 12, 5, 12, none</column>
<column name="grp_four_port_sw_interface_out_0_fu_2436">four_port_sw_interface_out_0, 5, 12, 5, 12, none</column>
<column name="grp_four_port_sw_interface_in_3_fu_2652">four_port_sw_interface_in_3, 5, 6, 5, 6, none</column>
<column name="grp_four_port_sw_interface_in_2_fu_2868">four_port_sw_interface_in_2, 5, 6, 5, 6, none</column>
<column name="grp_four_port_sw_interface_in_1_fu_3084">four_port_sw_interface_in_1, 5, 6, 5, 6, none</column>
<column name="grp_four_port_sw_interface_in_0_fu_3300">four_port_sw_interface_in_0, 5, 6, 5, 6, none</column>
</table>
</item>
<item name = "Loop"><table name="" hasTotal="0">
<keys size="8">Loop Name, min, max, Latency, achieved, target, Count, Pipelined</keys>
</table>
</item>
</section>
</item>
</section>
</item>
</section>

<section name = "Utilization Estimates" level="0">
<item name = "Summary"><table name="" hasTotal="1">
<keys size="5">Name, BRAM_18K, DSP48E, FF, LUT</keys>
<column name="Expression">-, -, 0, 540</column>
<column name="FIFO">0, -, 120, 940</column>
<column name="Instance">-, -, 2256, 5377</column>
<column name="Memory">-, -, -, -</column>
<column name="Multiplexer">-, -, -, -</column>
<column name="Register">-, -, 1792, -</column>
<specialColumn name="Available">280, 220, 106400, 53200</specialColumn>
<specialColumn name="Utilization (%)">0, 0, 3, 12</specialColumn>
</table>
</item>
<item name = "Detail">
<section name = "" level="1">
<item name = "Instance"><table name="" hasTotal="1">
<keys size="6">Instance, Module, BRAM_18K, DSP48E, FF, LUT</keys>
<column name="grp_four_port_sw_entry_response_fu_708">four_port_sw_entry_response, 0, 0, 396, 812</column>
<column name="grp_four_port_sw_entry_sw_1_fu_1572">four_port_sw_entry_sw_1, 0, 0, 4, 65</column>
<column name="grp_four_port_sw_entry_sw_2_fu_1356">four_port_sw_entry_sw_2, 0, 0, 4, 65</column>
<column name="grp_four_port_sw_entry_sw_3_fu_1140">four_port_sw_entry_sw_3, 0, 0, 4, 65</column>
<column name="grp_four_port_sw_entry_sw_4_fu_924">four_port_sw_entry_sw_4, 0, 0, 4, 65</column>
<column name="grp_four_port_sw_interface_in_0_fu_3300">four_port_sw_interface_in_0, 0, 0, 309, 931</column>
<column name="grp_four_port_sw_interface_in_1_fu_3084">four_port_sw_interface_in_1, 0, 0, 309, 931</column>
<column name="grp_four_port_sw_interface_in_2_fu_2868">four_port_sw_interface_in_2, 0, 0, 309, 931</column>
<column name="grp_four_port_sw_interface_in_3_fu_2652">four_port_sw_interface_in_3, 0, 0, 309, 931</column>
<column name="grp_four_port_sw_interface_out_0_fu_2436">four_port_sw_interface_out_0, 0, 0, 119, 73</column>
<column name="grp_four_port_sw_interface_out_1_fu_2220">four_port_sw_interface_out_1, 0, 0, 119, 73</column>
<column name="grp_four_port_sw_interface_out_2_fu_2004">four_port_sw_interface_out_2, 0, 0, 119, 73</column>
<column name="grp_four_port_sw_interface_out_3_fu_1788">four_port_sw_interface_out_3, 0, 0, 119, 73</column>
<column name="grp_four_port_sw_setupfw_rule_fu_492">four_port_sw_setupfw_rule, 0, 0, 132, 289</column>
</table>
</item>
<item name = "Memory"><table name="" hasTotal="1">
<keys size="9">Memory, Module, BRAM_18K, FF, LUT, Words, Bits, Banks, W*Bits*Banks</keys>
</table>
</item>
<item name = "FIFO"><table name="" hasTotal="1">
<keys size="7">Name, BRAM_18K, FF, LUT, Depth, Bits, Size:D*B</keys>
<column name="sc_fifo_chn_110_sc_fifo_chn_110_fifo_U">0, 6, 47, 10, 32, 320</column>
<column name="sc_fifo_chn_115_sc_fifo_chn_115_fifo_U">0, 6, 47, 10, 32, 320</column>
<column name="sc_fifo_chn_116_sc_fifo_chn_116_fifo_U">0, 6, 47, 10, 32, 320</column>
<column name="sc_fifo_chn_117_sc_fifo_chn_117_fifo_U">0, 6, 47, 10, 32, 320</column>
<column name="sc_fifo_chn_118_sc_fifo_chn_118_fifo_U">0, 6, 47, 10, 32, 320</column>
<column name="sc_fifo_chn_119_sc_fifo_chn_119_fifo_U">0, 6, 47, 10, 32, 320</column>
<column name="sc_fifo_chn_120_sc_fifo_chn_120_fifo_U">0, 6, 47, 10, 32, 320</column>
<column name="sc_fifo_chn_121_sc_fifo_chn_121_fifo_U">0, 6, 47, 10, 32, 320</column>
<column name="sc_fifo_chn_122_sc_fifo_chn_122_fifo_U">0, 6, 47, 10, 32, 320</column>
<column name="sc_fifo_chn_123_sc_fifo_chn_123_fifo_U">0, 6, 47, 10, 32, 320</column>
<column name="sc_fifo_chn_124_sc_fifo_chn_124_fifo_U">0, 6, 47, 10, 32, 320</column>
<column name="sc_fifo_chn_125_sc_fifo_chn_125_fifo_U">0, 6, 47, 10, 32, 320</column>
<column name="sc_fifo_chn_126_sc_fifo_chn_126_fifo_U">0, 6, 47, 10, 32, 320</column>
<column name="sc_fifo_chn_14_sc_fifo_chn_14_fifo_U">0, 6, 47, 10, 32, 320</column>
<column name="sc_fifo_chn_15_sc_fifo_chn_15_fifo_U">0, 6, 47, 10, 32, 320</column>
<column name="sc_fifo_chn_16_sc_fifo_chn_16_fifo_U">0, 6, 47, 10, 32, 320</column>
<column name="sc_fifo_chn_17_sc_fifo_chn_17_fifo_U">0, 6, 47, 10, 32, 320</column>
<column name="sc_fifo_chn_18_sc_fifo_chn_18_fifo_U">0, 6, 47, 10, 32, 320</column>
<column name="sc_fifo_chn_19_sc_fifo_chn_19_fifo_U">0, 6, 47, 10, 32, 320</column>
<column name="sc_fifo_chn_1_sc_fifo_chn_1_fifo_U">0, 6, 47, 10, 32, 320</column>
</table>
</item>
<item name = "Expression"><table name="" hasTotal="1">
<keys size="7">Variable Name, Operation, DSP48E, FF, LUT, Bitwidth P0, Bitwidth P1</keys>
<column name="out_0_address">or, 0, 0, 44, 32, 1</column>
<column name="out_0_dataout">or, 0, 0, 44, 32, 1</column>
<column name="out_0_req_din">or, 0, 0, 1, 1, 1</column>
<column name="out_0_req_write">or, 0, 0, 1, 1, 1</column>
<column name="out_0_rsp_read">or, 0, 0, 1, 1, 1</column>
<column name="out_0_size">or, 0, 0, 44, 32, 1</column>
<column name="out_1_address">or, 0, 0, 44, 32, 1</column>
<column name="out_1_dataout">or, 0, 0, 44, 32, 1</column>
<column name="out_1_req_din">or, 0, 0, 1, 1, 1</column>
<column name="out_1_req_write">or, 0, 0, 1, 1, 1</column>
<column name="out_1_rsp_read">or, 0, 0, 1, 1, 1</column>
<column name="out_1_size">or, 0, 0, 44, 32, 1</column>
<column name="out_2_address">or, 0, 0, 44, 32, 1</column>
<column name="out_2_dataout">or, 0, 0, 44, 32, 1</column>
<column name="out_2_req_din">or, 0, 0, 1, 1, 1</column>
<column name="out_2_req_write">or, 0, 0, 1, 1, 1</column>
<column name="out_2_rsp_read">or, 0, 0, 1, 1, 1</column>
<column name="out_2_size">or, 0, 0, 44, 32, 1</column>
<column name="out_3_address">or, 0, 0, 44, 32, 1</column>
<column name="out_3_dataout">or, 0, 0, 44, 32, 1</column>
<column name="out_3_req_din">or, 0, 0, 1, 1, 1</column>
<column name="out_3_req_write">or, 0, 0, 1, 1, 1</column>
<column name="out_3_rsp_read">or, 0, 0, 1, 1, 1</column>
<column name="out_3_size">or, 0, 0, 44, 32, 1</column>
</table>
</item>
<item name = "Multiplexer"><table name="" hasTotal="1">
<keys size="5">Name, LUT, Input Size, Bits, Total Bits</keys>
</table>
</item>
<item name = "Register"><table name="" hasTotal="1">
<keys size="5">Name, FF, LUT, Bits, Const Bits</keys>
<column name="droped_0">32, 0, 32, 0</column>
<column name="droped_1">32, 0, 32, 0</column>
<column name="droped_2">32, 0, 32, 0</column>
<column name="droped_3">32, 0, 32, 0</column>
<column name="four_port_sw_count_droped_0_V">32, 0, 32, 0</column>
<column name="four_port_sw_count_droped_1_V">32, 0, 32, 0</column>
<column name="four_port_sw_count_droped_2_V">32, 0, 32, 0</column>
<column name="four_port_sw_count_droped_3_V">32, 0, 32, 0</column>
<column name="four_port_sw_count_total_0_V">32, 0, 32, 0</column>
<column name="four_port_sw_count_total_1_V">32, 0, 32, 0</column>
<column name="four_port_sw_count_total_2_V">32, 0, 32, 0</column>
<column name="four_port_sw_count_total_3_V">32, 0, 32, 0</column>
<column name="four_port_sw_rule_hit_counter_0_V">32, 0, 32, 0</column>
<column name="four_port_sw_rule_hit_counter_1_V">32, 0, 32, 0</column>
<column name="four_port_sw_rule_hit_counter_2_V">32, 0, 32, 0</column>
<column name="four_port_sw_rule_hit_counter_3_V">32, 0, 32, 0</column>
<column name="fw_hreg_p_0">32, 0, 32, 0</column>
<column name="fw_hreg_p_1">32, 0, 32, 0</column>
<column name="fw_hreg_p_2">32, 0, 32, 0</column>
<column name="fw_hreg_p_3">32, 0, 32, 0</column>
<column name="fw_lower_range_0">32, 0, 32, 0</column>
<column name="fw_lower_range_1">32, 0, 32, 0</column>
<column name="fw_lower_range_2">32, 0, 32, 0</column>
<column name="fw_lower_range_3">32, 0, 32, 0</column>
<column name="fw_lreg_p_0">32, 0, 32, 0</column>
<column name="fw_lreg_p_1">32, 0, 32, 0</column>
<column name="fw_lreg_p_2">32, 0, 32, 0</column>
<column name="fw_lreg_p_3">32, 0, 32, 0</column>
<column name="fw_rreg_p_0">32, 0, 32, 0</column>
<column name="fw_rreg_p_1">32, 0, 32, 0</column>
<column name="fw_rreg_p_2">32, 0, 32, 0</column>
<column name="fw_rreg_p_3">32, 0, 32, 0</column>
<column name="fw_rule_hit_counter_0">32, 0, 32, 0</column>
<column name="fw_rule_hit_counter_1">32, 0, 32, 0</column>
<column name="fw_rule_hit_counter_2">32, 0, 32, 0</column>
<column name="fw_rule_hit_counter_3">32, 0, 32, 0</column>
<column name="fw_rule_range_0">32, 0, 32, 0</column>
<column name="fw_rule_range_1">32, 0, 32, 0</column>
<column name="fw_rule_range_2">32, 0, 32, 0</column>
<column name="fw_rule_range_3">32, 0, 32, 0</column>
<column name="fw_upper_range_0">32, 0, 32, 0</column>
<column name="fw_upper_range_1">32, 0, 32, 0</column>
<column name="fw_upper_range_2">32, 0, 32, 0</column>
<column name="fw_upper_range_3">32, 0, 32, 0</column>
<column name="in_responce_0">32, 0, 32, 0</column>
<column name="in_responce_1">32, 0, 32, 0</column>
<column name="in_responce_2">32, 0, 32, 0</column>
<column name="in_responce_3">32, 0, 32, 0</column>
<column name="responce_s0">32, 0, 32, 0</column>
<column name="responce_s1">32, 0, 32, 0</column>
<column name="responce_s2">32, 0, 32, 0</column>
<column name="responce_s3">32, 0, 32, 0</column>
<column name="total_0">32, 0, 32, 0</column>
<column name="total_1">32, 0, 32, 0</column>
<column name="total_2">32, 0, 32, 0</column>
<column name="total_3">32, 0, 32, 0</column>
</table>
</item>
</section>
</item>
</section>

<section name = "Interface" level="0">
<item name = "Summary"><table name="" hasTotal="0">
<keys size="6">RTL Ports, Dir, Bits, Protocol, Source Object, C Type</keys>
<column name="in_0">in, 32, ap_none, in_0, pointer</column>
<column name="in_1">in, 32, ap_none, in_1, pointer</column>
<column name="in_2">in, 32, ap_none, in_2, pointer</column>
<column name="in_3">in, 32, ap_none, in_3, pointer</column>
<column name="in_responce_0">out, 32, ap_vld, in_responce_0, pointer</column>
<column name="in_responce_1">out, 32, ap_vld, in_responce_1, pointer</column>
<column name="in_responce_2">out, 32, ap_vld, in_responce_2, pointer</column>
<column name="in_responce_3">out, 32, ap_vld, in_responce_3, pointer</column>
<column name="out_0_req_din">out, 1, ap_bus, out_0, pointer</column>
<column name="out_0_req_full_n">in, 1, ap_bus, out_0, pointer</column>
<column name="out_0_req_write">out, 1, ap_bus, out_0, pointer</column>
<column name="out_0_rsp_empty_n">in, 1, ap_bus, out_0, pointer</column>
<column name="out_0_rsp_read">out, 1, ap_bus, out_0, pointer</column>
<column name="out_0_address">out, 32, ap_bus, out_0, pointer</column>
<column name="out_0_datain">in, 32, ap_bus, out_0, pointer</column>
<column name="out_0_dataout">out, 32, ap_bus, out_0, pointer</column>
<column name="out_0_size">out, 32, ap_bus, out_0, pointer</column>
<column name="out_1_req_din">out, 1, ap_bus, out_1, pointer</column>
<column name="out_1_req_full_n">in, 1, ap_bus, out_1, pointer</column>
<column name="out_1_req_write">out, 1, ap_bus, out_1, pointer</column>
<column name="out_1_rsp_empty_n">in, 1, ap_bus, out_1, pointer</column>
<column name="out_1_rsp_read">out, 1, ap_bus, out_1, pointer</column>
<column name="out_1_address">out, 32, ap_bus, out_1, pointer</column>
<column name="out_1_datain">in, 32, ap_bus, out_1, pointer</column>
<column name="out_1_dataout">out, 32, ap_bus, out_1, pointer</column>
<column name="out_1_size">out, 32, ap_bus, out_1, pointer</column>
<column name="out_2_req_din">out, 1, ap_bus, out_2, pointer</column>
<column name="out_2_req_full_n">in, 1, ap_bus, out_2, pointer</column>
<column name="out_2_req_write">out, 1, ap_bus, out_2, pointer</column>
<column name="out_2_rsp_empty_n">in, 1, ap_bus, out_2, pointer</column>
<column name="out_2_rsp_read">out, 1, ap_bus, out_2, pointer</column>
<column name="out_2_address">out, 32, ap_bus, out_2, pointer</column>
<column name="out_2_datain">in, 32, ap_bus, out_2, pointer</column>
<column name="out_2_dataout">out, 32, ap_bus, out_2, pointer</column>
<column name="out_2_size">out, 32, ap_bus, out_2, pointer</column>
<column name="out_3_req_din">out, 1, ap_bus, out_3, pointer</column>
<column name="out_3_req_full_n">in, 1, ap_bus, out_3, pointer</column>
<column name="out_3_req_write">out, 1, ap_bus, out_3, pointer</column>
<column name="out_3_rsp_empty_n">in, 1, ap_bus, out_3, pointer</column>
<column name="out_3_rsp_read">out, 1, ap_bus, out_3, pointer</column>
<column name="out_3_address">out, 32, ap_bus, out_3, pointer</column>
<column name="out_3_datain">in, 32, ap_bus, out_3, pointer</column>
<column name="out_3_dataout">out, 32, ap_bus, out_3, pointer</column>
<column name="out_3_size">out, 32, ap_bus, out_3, pointer</column>
<column name="setup_lower_range_0">in, 32, ap_none, setup_lower_range_0, pointer</column>
<column name="setup_lower_range_1">in, 32, ap_none, setup_lower_range_1, pointer</column>
<column name="setup_lower_range_2">in, 32, ap_none, setup_lower_range_2, pointer</column>
<column name="setup_lower_range_3">in, 32, ap_none, setup_lower_range_3, pointer</column>
<column name="setup_upper_range_0">in, 32, ap_none, setup_upper_range_0, pointer</column>
<column name="setup_upper_range_1">in, 32, ap_none, setup_upper_range_1, pointer</column>
<column name="setup_upper_range_2">in, 32, ap_none, setup_upper_range_2, pointer</column>
<column name="setup_upper_range_3">in, 32, ap_none, setup_upper_range_3, pointer</column>
<column name="setup_rule_range_0">in, 32, ap_none, setup_rule_range_0, pointer</column>
<column name="setup_rule_range_1">in, 32, ap_none, setup_rule_range_1, pointer</column>
<column name="setup_rule_range_2">in, 32, ap_none, setup_rule_range_2, pointer</column>
<column name="setup_rule_range_3">in, 32, ap_none, setup_rule_range_3, pointer</column>
<column name="total_0">out, 32, ap_vld, total_0, pointer</column>
<column name="total_1">out, 32, ap_vld, total_1, pointer</column>
<column name="total_2">out, 32, ap_vld, total_2, pointer</column>
<column name="total_3">out, 32, ap_vld, total_3, pointer</column>
<column name="droped_0">out, 32, ap_vld, droped_0, pointer</column>
<column name="droped_1">out, 32, ap_vld, droped_1, pointer</column>
<column name="droped_2">out, 32, ap_vld, droped_2, pointer</column>
<column name="droped_3">out, 32, ap_vld, droped_3, pointer</column>
<column name="fw_rule_hit_counter_0">out, 32, ap_vld, fw_rule_hit_counter_0, pointer</column>
<column name="fw_rule_hit_counter_1">out, 32, ap_vld, fw_rule_hit_counter_1, pointer</column>
<column name="fw_rule_hit_counter_2">out, 32, ap_vld, fw_rule_hit_counter_2, pointer</column>
<column name="fw_rule_hit_counter_3">out, 32, ap_vld, fw_rule_hit_counter_3, pointer</column>
<column name="fw_hreg_p_0">out, 32, ap_vld, fw_hreg_p_0, pointer</column>
<column name="fw_hreg_p_1">out, 32, ap_vld, fw_hreg_p_1, pointer</column>
<column name="fw_hreg_p_2">out, 32, ap_vld, fw_hreg_p_2, pointer</column>
<column name="fw_hreg_p_3">out, 32, ap_vld, fw_hreg_p_3, pointer</column>
<column name="fw_lreg_p_0">out, 32, ap_vld, fw_lreg_p_0, pointer</column>
<column name="fw_lreg_p_1">out, 32, ap_vld, fw_lreg_p_1, pointer</column>
<column name="fw_lreg_p_2">out, 32, ap_vld, fw_lreg_p_2, pointer</column>
<column name="fw_lreg_p_3">out, 32, ap_vld, fw_lreg_p_3, pointer</column>
<column name="fw_rreg_p_0">out, 32, ap_vld, fw_rreg_p_0, pointer</column>
<column name="fw_rreg_p_1">out, 32, ap_vld, fw_rreg_p_1, pointer</column>
<column name="fw_rreg_p_2">out, 32, ap_vld, fw_rreg_p_2, pointer</column>
<column name="fw_rreg_p_3">out, 32, ap_vld, fw_rreg_p_3, pointer</column>
<column name="CLK">in, 1, ap_ctrl_hs, four_port_sw::four_port_sw, return value</column>
<column name="ap_rst">in, 1, ap_ctrl_hs, four_port_sw::four_port_sw, return value</column>
<column name="reset">in, 1, ap_none, reset, pointer</column>
</table>
</item>
</section>
</profile>
