<profile>

<section name = "Vivado HLS Report for 'four_port_sw_interface_out_0'" level="0">
<item name = "Date">Mon Mar 28 03:48:02 2016
</item>
<item name = "Version">2014.4 (Build 1071461 on Tue Nov 18 16:42:57 PM 2014)</item>
<item name = "Project">four_port_router</item>
<item name = "Solution">solution1</item>
<item name = "Product family">zynq</item>
<item name = "Target device">xc7z020clg484-1</item>
</section>

<section name = "Performance Estimates" level="0">
<item name = "Timing (ns)">
<section name = "" level="1">
<item name = "Summary"><table name="" hasTotal="0">
<keys size="4">Clock, Target, Estimated, Uncertainty</keys>
<column name="default">10.00, 8.75, 1.25</column>
</table>
</item>
</section>
</item>
<item name = "Latency (clock cycles)">
<section name = "" level="1">
<item name = "Summary"><table name="" hasTotal="0">
<keys size="6">, min, max, min, max, Type</keys>
<column name="">5, 12, 5, 12, none</column>
</table>
</item>
<item name = "Detail">
<section name = "" level="1">
<item name = "Instance"><table name="" hasTotal="0">
<keys size="7">Instance, Module, min, max, min, max, Type</keys>
</table>
</item>
<item name = "Loop"><table name="" hasTotal="0">
<keys size="8">Loop Name, min, max, Latency, achieved, target, Count, Pipelined</keys>
<column name="- Loop 1">2, 9, 2 ~ 9, -, -, inf, no</column>
</table>
</item>
</section>
</item>
</section>
</item>
</section>

<section name = "Utilization Estimates" level="0">
<item name = "Summary"><table name="" hasTotal="1">
<keys size="5">Name, BRAM_18K, DSP48E, FF, LUT</keys>
<column name="Expression">-, -, 0, 35</column>
<column name="FIFO">-, -, -, -</column>
<column name="Instance">-, -, -, -</column>
<column name="Memory">-, -, -, -</column>
<column name="Multiplexer">-, -, -, 38</column>
<column name="Register">-, -, 119, -</column>
<specialColumn name="Available">280, 220, 106400, 53200</specialColumn>
<specialColumn name="Utilization (%)">0, 0, ~0, ~0</specialColumn>
</table>
</item>
<item name = "Detail">
<section name = "" level="1">
<item name = "Instance"><table name="" hasTotal="1">
<keys size="6">Instance, Module, BRAM_18K, DSP48E, FF, LUT</keys>
</table>
</item>
<item name = "Memory"><table name="" hasTotal="1">
<keys size="9">Memory, Module, BRAM_18K, FF, LUT, Words, Bits, Banks, W*Bits*Banks</keys>
</table>
</item>
<item name = "FIFO"><table name="" hasTotal="1">
<keys size="7">Name, BRAM_18K, FF, LUT, Depth, Bits, Size:D*B</keys>
</table>
</item>
<item name = "Expression"><table name="" hasTotal="1">
<keys size="7">Variable Name, Operation, DSP48E, FF, LUT, Bitwidth P0, Bitwidth P1</keys>
<column name="p_Val2_s_fu_471_p3">Select, 0, 0, 32, 1, 32</column>
<column name="ap_sig_bdd_135">and, 0, 0, 1, 1, 1</column>
<column name="tmp_fu_512_p2">icmp, 0, 0, 2, 2, 1</column>
</table>
</item>
<item name = "Multiplexer"><table name="" hasTotal="1">
<keys size="5">Name, LUT, Input Size, Bits, Total Bits</keys>
<column name="ap_NS_fsm">6, 14, 1, 14</column>
<column name="out_0_address">32, 3, 32, 96</column>
</table>
</item>
<item name = "Register"><table name="" hasTotal="1">
<keys size="5">Name, FF, LUT, Bits, Const Bits</keys>
<column name="ap_CS_fsm">13, 0, 13, 0</column>
<column name="new_address_reg_602">10, 0, 31, 21</column>
<column name="p_Result_33_reg_617">2, 0, 2, 0</column>
<column name="p_Result_34_reg_622">2, 0, 2, 0</column>
<column name="p_Result_7_reg_633">32, 0, 32, 0</column>
<column name="p_Result_s_reg_597">10, 0, 10, 0</column>
<column name="p_Val2_17_fu_428">32, 0, 32, 0</column>
<column name="p_emptyn_reg_593">1, 0, 1, 0</column>
<column name="tmp_59_reg_612">16, 0, 16, 0</column>
<column name="tmp_reg_608">1, 0, 1, 0</column>
</table>
</item>
</section>
</item>
</section>

<section name = "Interface" level="0">
<item name = "Summary"><table name="" hasTotal="0">
<keys size="6">RTL Ports, Dir, Bits, Protocol, Source Object, C Type</keys>
<column name="ap_clk">in, 1, ap_ctrl_hs, four_port_sw::four_port_sw_four_port_sw::interface_out_0, return value</column>
<column name="ap_rst">in, 1, ap_ctrl_hs, four_port_sw::four_port_sw_four_port_sw::interface_out_0, return value</column>
<column name="out_0_req_din">out, 1, ap_bus, out_0, pointer</column>
<column name="out_0_req_full_n">in, 1, ap_bus, out_0, pointer</column>
<column name="out_0_req_write">out, 1, ap_bus, out_0, pointer</column>
<column name="out_0_rsp_empty_n">in, 1, ap_bus, out_0, pointer</column>
<column name="out_0_rsp_read">out, 1, ap_bus, out_0, pointer</column>
<column name="out_0_address">out, 32, ap_bus, out_0, pointer</column>
<column name="out_0_datain">in, 32, ap_bus, out_0, pointer</column>
<column name="out_0_dataout">out, 32, ap_bus, out_0, pointer</column>
<column name="out_0_size">out, 32, ap_bus, out_0, pointer</column>
<column name="sc_fifo_chn_115_dout">in, 32, ap_fifo, sc_fifo_chn_115, pointer</column>
<column name="sc_fifo_chn_115_empty_n">in, 1, ap_fifo, sc_fifo_chn_115, pointer</column>
<column name="sc_fifo_chn_115_read">out, 1, ap_fifo, sc_fifo_chn_115, pointer</column>
<column name="sc_fifo_chn_119_din">out, 32, ap_fifo, sc_fifo_chn_119, pointer</column>
<column name="sc_fifo_chn_119_full_n">in, 1, ap_fifo, sc_fifo_chn_119, pointer</column>
<column name="sc_fifo_chn_119_write">out, 1, ap_fifo, sc_fifo_chn_119, pointer</column>
</table>
</item>
</section>
</profile>
