<profile>

<section name = "Vivado HLS Report for 'four_port_sw_interface_in_2'" level="0">
<item name = "Date">Mon Mar 28 03:47:57 2016
</item>
<item name = "Version">2014.4 (Build 1071461 on Tue Nov 18 16:42:57 PM 2014)</item>
<item name = "Project">four_port_router</item>
<item name = "Solution">solution1</item>
<item name = "Product family">zynq</item>
<item name = "Target device">xc7z020clg484-1</item>
</section>

<section name = "Performance Estimates" level="0">
<item name = "Timing (ns)">
<section name = "" level="1">
<item name = "Summary"><table name="" hasTotal="0">
<keys size="4">Clock, Target, Estimated, Uncertainty</keys>
<column name="default">10.00, 8.22, 1.25</column>
</table>
</item>
</section>
</item>
<item name = "Latency (clock cycles)">
<section name = "" level="1">
<item name = "Summary"><table name="" hasTotal="0">
<keys size="6">, min, max, min, max, Type</keys>
<column name="">5, 6, 5, 6, none</column>
</table>
</item>
<item name = "Detail">
<section name = "" level="1">
<item name = "Instance"><table name="" hasTotal="0">
<keys size="7">Instance, Module, min, max, min, max, Type</keys>
</table>
</item>
<item name = "Loop"><table name="" hasTotal="0">
<keys size="8">Loop Name, min, max, Latency, achieved, target, Count, Pipelined</keys>
<column name="- Loop 1">2, 3, 2 ~ 3, -, -, inf, no</column>
</table>
</item>
</section>
</item>
</section>
</item>
</section>

<section name = "Utilization Estimates" level="0">
<item name = "Summary"><table name="" hasTotal="1">
<keys size="5">Name, BRAM_18K, DSP48E, FF, LUT</keys>
<column name="Expression">-, -, 0, 642</column>
<column name="FIFO">-, -, -, -</column>
<column name="Instance">-, -, -, -</column>
<column name="Memory">-, -, -, -</column>
<column name="Multiplexer">-, -, -, 289</column>
<column name="Register">-, -, 309, -</column>
<specialColumn name="Available">280, 220, 106400, 53200</specialColumn>
<specialColumn name="Utilization (%)">0, 0, ~0, 1</specialColumn>
</table>
</item>
<item name = "Detail">
<section name = "" level="1">
<item name = "Instance"><table name="" hasTotal="1">
<keys size="6">Instance, Module, BRAM_18K, DSP48E, FF, LUT</keys>
</table>
</item>
<item name = "Memory"><table name="" hasTotal="1">
<keys size="9">Memory, Module, BRAM_18K, FF, LUT, Words, Bits, Banks, W*Bits*Banks</keys>
</table>
</item>
<item name = "FIFO"><table name="" hasTotal="1">
<keys size="7">Name, BRAM_18K, FF, LUT, Depth, Bits, Size:D*B</keys>
</table>
</item>
<item name = "Expression"><table name="" hasTotal="1">
<keys size="7">Variable Name, Operation, DSP48E, FF, LUT, Bitwidth P0, Bitwidth P1</keys>
<column name="grp_fu_660_p2">+, 0, 0, 32, 32, 1</column>
<column name="v_7_fu_1331_p2">+, 0, 0, 32, 32, 1</column>
<column name="v_fu_738_p2">+, 0, 0, 32, 32, 1</column>
<column name="my_address_V_23_fu_1063_p3">Select, 0, 0, 31, 1, 31</column>
<column name="my_address_V_24_fu_1074_p3">Select, 0, 0, 31, 1, 31</column>
<column name="my_address_V_25_fu_1092_p3">Select, 0, 0, 31, 1, 31</column>
<column name="my_address_V_26_fu_1115_p3">Select, 0, 0, 31, 1, 31</column>
<column name="my_address_V_27_fu_1128_p3">Select, 0, 0, 31, 1, 31</column>
<column name="my_address_V_28_fu_1141_p3">Select, 0, 0, 31, 1, 31</column>
<column name="my_address_V_29_fu_1252_p3">Select, 0, 0, 31, 1, 31</column>
<column name="sel_tmp37_fu_1265_p3">Select, 0, 0, 1, 1, 1</column>
<column name="ap_sig_bdd_276">and, 0, 0, 1, 1, 1</column>
<column name="fw_hit_6_fu_1272_p2">and, 0, 0, 1, 1, 1</column>
<column name="sel_tmp12_fu_1070_p2">and, 0, 0, 1, 1, 1</column>
<column name="sel_tmp17_fu_1087_p2">and, 0, 0, 1, 1, 1</column>
<column name="sel_tmp24_fu_1110_p2">and, 0, 0, 1, 1, 1</column>
<column name="sel_tmp29_fu_1136_p2">and, 0, 0, 1, 1, 1</column>
<column name="sel_tmp30_fu_1161_p2">and, 0, 0, 1, 1, 1</column>
<column name="sel_tmp31_fu_1186_p2">and, 0, 0, 1, 1, 1</column>
<column name="sel_tmp32_fu_954_p2">and, 0, 0, 1, 1, 1</column>
<column name="sel_tmp33_fu_960_p2">and, 0, 0, 1, 1, 1</column>
<column name="sel_tmp34_fu_966_p2">and, 0, 0, 1, 1, 1</column>
<column name="sel_tmp36_fu_1261_p2">and, 0, 0, 1, 1, 1</column>
<column name="sel_tmp42_demorgan_fu_864_p2">and, 0, 0, 1, 1, 1</column>
<column name="sel_tmp50_demorgan_fu_882_p2">and, 0, 0, 1, 1, 1</column>
<column name="sel_tmp86_demorgan_fu_1170_p2">and, 0, 0, 1, 1, 1</column>
<column name="tmp201_not_fu_1299_p2">and, 0, 0, 1, 1, 1</column>
<column name="tmp26_fu_936_p2">and, 0, 0, 1, 1, 1</column>
<column name="tmp27_fu_942_p2">and, 0, 0, 1, 1, 1</column>
<column name="tmp28_fu_948_p2">and, 0, 0, 1, 1, 1</column>
<column name="tmp29_fu_1166_p2">and, 0, 0, 1, 1, 1</column>
<column name="tmp33_fu_1213_p2">and, 0, 0, 1, 1, 1</column>
<column name="tmp34_fu_1218_p2">and, 0, 0, 1, 1, 1</column>
<column name="tmp36_fu_1241_p2">and, 0, 0, 1, 1, 1</column>
<column name="grp_fu_648_p2">icmp, 0, 0, 2, 2, 1</column>
<column name="grp_fu_654_p2">icmp, 0, 0, 2, 2, 1</column>
<column name="tmp_26_fu_762_p2">icmp, 0, 0, 2, 2, 1</column>
<column name="tmp_28_fu_1013_p2">icmp, 0, 0, 40, 32, 32</column>
<column name="tmp_29_fu_1019_p2">icmp, 0, 0, 40, 32, 32</column>
<column name="tmp_30_fu_800_p2">icmp, 0, 0, 2, 2, 1</column>
<column name="tmp_31_fu_814_p2">icmp, 0, 0, 2, 2, 1</column>
<column name="tmp_32_fu_820_p2">icmp, 0, 0, 2, 2, 2</column>
<column name="tmp_33_fu_834_p2">icmp, 0, 0, 3, 2, 3</column>
<column name="tmp_fu_700_p2">icmp, 0, 0, 40, 32, 32</column>
<column name="tmp_s_fu_729_p2">icmp, 0, 0, 40, 32, 32</column>
<column name="ult3_fu_1288_p2">icmp, 0, 0, 40, 32, 32</column>
<column name="ult_fu_1277_p2">icmp, 0, 0, 40, 32, 32</column>
<column name="ap_sig_bdd_239">or, 0, 0, 1, 1, 1</column>
<column name="ap_sig_bdd_270">or, 0, 0, 1, 1, 1</column>
<column name="ap_sig_bdd_273">or, 0, 0, 1, 1, 1</column>
<column name="ap_sig_bdd_323">or, 0, 0, 1, 1, 1</column>
<column name="brmerge_fu_1305_p2">or, 0, 0, 1, 1, 1</column>
<column name="not_sel_tmp7_fu_1207_p2">or, 0, 0, 1, 1, 1</column>
<column name="not_sel_tmp9_fu_1235_p2">or, 0, 0, 1, 1, 1</column>
<column name="not_sel_tmp_fu_1197_p2">or, 0, 0, 1, 1, 1</column>
<column name="or_cond_fu_1025_p2">or, 0, 0, 1, 1, 1</column>
<column name="sel_tmp16_demorgan_fu_858_p2">or, 0, 0, 1, 1, 1</column>
<column name="sel_tmp23_demorgan_fu_1100_p2">or, 0, 0, 1, 1, 1</column>
<column name="sel_tmp32_demorgan_fu_1123_p2">or, 0, 0, 1, 1, 1</column>
<column name="sel_tmp35_fu_984_p2">or, 0, 0, 1, 1, 1</column>
<column name="sel_tmp44_demorgan_fu_870_p2">or, 0, 0, 1, 1, 1</column>
<column name="sel_tmp53_demorgan_fu_876_p2">or, 0, 0, 1, 1, 1</column>
<column name="sel_tmp56_demorgan_fu_888_p2">or, 0, 0, 1, 1, 1</column>
<column name="sel_tmp61_demorgan_fu_900_p2">or, 0, 0, 1, 1, 1</column>
<column name="sel_tmp65_demorgan_fu_906_p2">or, 0, 0, 1, 1, 1</column>
<column name="sel_tmp67_demorgan_fu_912_p2">or, 0, 0, 1, 1, 1</column>
<column name="sel_tmp73_demorgan_fu_918_p2">or, 0, 0, 1, 1, 1</column>
<column name="sel_tmp79_demorgan_fu_924_p2">or, 0, 0, 1, 1, 1</column>
<column name="sel_tmp85_demorgan_fu_930_p2">or, 0, 0, 1, 1, 1</column>
<column name="sel_tmp_demorgan_fu_1149_p2">or, 0, 0, 1, 1, 1</column>
<column name="tmp193_demorgan_fu_1175_p2">or, 0, 0, 1, 1, 1</column>
<column name="tmp25_fu_894_p2">or, 0, 0, 1, 1, 1</column>
<column name="tmp31_fu_972_p2">or, 0, 0, 1, 1, 1</column>
<column name="tmp32_fu_978_p2">or, 0, 0, 1, 1, 1</column>
<column name="tmp35_fu_1230_p2">or, 0, 0, 1, 1, 1</column>
<column name="not_s_fu_1247_p2">xor, 0, 0, 2, 1, 2</column>
<column name="not_sel_tmp8_fu_1224_p2">xor, 0, 0, 2, 1, 2</column>
<column name="rev3_fu_1293_p2">xor, 0, 0, 2, 1, 2</column>
<column name="rev_fu_1282_p2">xor, 0, 0, 2, 1, 2</column>
<column name="sel_tmp11_fu_852_p2">xor, 0, 0, 2, 1, 2</column>
<column name="sel_tmp16_fu_1082_p2">xor, 0, 0, 2, 1, 2</column>
<column name="sel_tmp23_fu_1104_p2">xor, 0, 0, 2, 1, 2</column>
<column name="sel_tmp_fu_1155_p2">xor, 0, 0, 2, 1, 2</column>
<column name="tmp30_fu_1180_p2">xor, 0, 0, 2, 1, 2</column>
<column name="tmp_43_not_fu_1192_p2">xor, 0, 0, 2, 1, 2</column>
<column name="tmp_45_not_fu_1202_p2">xor, 0, 0, 2, 1, 2</column>
</table>
</item>
<item name = "Multiplexer"><table name="" hasTotal="1">
<keys size="5">Name, LUT, Input Size, Bits, Total Bits</keys>
<column name="ap_NS_fsm">1, 7, 1, 7</column>
<column name="grp_fu_628_p1">32, 3, 32, 96</column>
<column name="grp_fu_638_p1">32, 3, 32, 96</column>
<column name="p_Val2_9_fu_466">32, 2, 32, 64</column>
<column name="p_Val2_s_fu_462">32, 2, 32, 64</column>
<column name="p_s_phi_fu_620_p4">32, 3, 32, 96</column>
<column name="sc_fifo_chn_140_din">32, 3, 32, 96</column>
<column name="v_V_29_fu_450">32, 2, 32, 64</column>
<column name="v_V_30_fu_454">32, 2, 32, 64</column>
<column name="v_V_fu_458">32, 2, 32, 64</column>
</table>
</item>
<item name = "Register"><table name="" hasTotal="1">
<keys size="5">Name, FF, LUT, Bits, Const Bits</keys>
<column name="ap_CS_fsm">6, 0, 6, 0</column>
<column name="my_address_V_28_reg_1503">13, 0, 31, 18</column>
<column name="p_Result_59_cast_reg_1493">10, 0, 31, 21</column>
<column name="p_Val2_9_fu_466">32, 0, 32, 0</column>
<column name="p_Val2_s_fu_462">32, 0, 32, 0</column>
<column name="sel_tmp11_reg_1450">1, 0, 1, 0</column>
<column name="sel_tmp16_demorgan_reg_1456">1, 0, 1, 0</column>
<column name="sel_tmp31_reg_1508">1, 0, 1, 0</column>
<column name="sel_tmp32_demorgan_reg_1498">1, 0, 1, 0</column>
<column name="sel_tmp35_reg_1478">1, 0, 1, 0</column>
<column name="sel_tmp61_demorgan_reg_1463">1, 0, 1, 0</column>
<column name="tmp27_reg_1468">1, 0, 1, 0</column>
<column name="tmp28_reg_1473">1, 0, 1, 0</column>
<column name="tmp33_reg_1513">1, 0, 1, 0</column>
<column name="tmp34_reg_1518">1, 0, 1, 0</column>
<column name="tmp36_reg_1523">1, 0, 1, 0</column>
<column name="tmp_26_reg_1402">1, 0, 1, 0</column>
<column name="tmp_27_reg_1410">1, 0, 1, 0</column>
<column name="tmp_30_reg_1420">1, 0, 1, 0</column>
<column name="tmp_31_reg_1425">1, 0, 1, 0</column>
<column name="tmp_32_reg_1432">1, 0, 1, 0</column>
<column name="tmp_33_reg_1438">1, 0, 1, 0</column>
<column name="tmp_38_reg_1394">1, 0, 1, 0</column>
<column name="tmp_39_reg_1398">1, 0, 1, 0</column>
<column name="tmp_40_reg_1406">1, 0, 1, 0</column>
<column name="tmp_41_reg_1414">1, 0, 1, 0</column>
<column name="tmp_45_reg_1445">1, 0, 1, 0</column>
<column name="tmp_reg_1376">1, 0, 1, 0</column>
<column name="tmp_s_reg_1390">1, 0, 1, 0</column>
<column name="v_V_29_fu_450">32, 0, 32, 0</column>
<column name="v_V_29_load_reg_1483">32, 0, 32, 0</column>
<column name="v_V_30_fu_454">32, 0, 32, 0</column>
<column name="v_V_30_load_reg_1488">32, 0, 32, 0</column>
<column name="v_V_fu_458">32, 0, 32, 0</column>
<column name="val_V_36_reg_1380">32, 0, 32, 0</column>
</table>
</item>
</section>
</item>
</section>

<section name = "Interface" level="0">
<item name = "Summary"><table name="" hasTotal="0">
<keys size="6">RTL Ports, Dir, Bits, Protocol, Source Object, C Type</keys>
<column name="ap_clk">in, 1, ap_ctrl_hs, four_port_sw::four_port_sw_four_port_sw::interface_in_2, return value</column>
<column name="ap_rst">in, 1, ap_ctrl_hs, four_port_sw::four_port_sw_four_port_sw::interface_in_2, return value</column>
<column name="in_2">in, 32, ap_none, in_2, pointer</column>
<column name="total_2">out, 32, ap_vld, total_2, pointer</column>
<column name="total_2_ap_vld">out, 1, ap_vld, total_2, pointer</column>
<column name="droped_2">out, 32, ap_vld, droped_2, pointer</column>
<column name="droped_2_ap_vld">out, 1, ap_vld, droped_2, pointer</column>
<column name="fw_rule_hit_counter_2">out, 32, ap_vld, fw_rule_hit_counter_2, pointer</column>
<column name="fw_rule_hit_counter_2_ap_vld">out, 1, ap_vld, fw_rule_hit_counter_2, pointer</column>
<column name="fw_hreg_p_2">out, 32, ap_vld, fw_hreg_p_2, pointer</column>
<column name="fw_hreg_p_2_ap_vld">out, 1, ap_vld, fw_hreg_p_2, pointer</column>
<column name="fw_lreg_p_2">out, 32, ap_vld, fw_lreg_p_2, pointer</column>
<column name="fw_lreg_p_2_ap_vld">out, 1, ap_vld, fw_lreg_p_2, pointer</column>
<column name="fw_rreg_p_2">out, 32, ap_vld, fw_rreg_p_2, pointer</column>
<column name="fw_rreg_p_2_ap_vld">out, 1, ap_vld, fw_rreg_p_2, pointer</column>
<column name="sc_fifo_chn_120_din">out, 32, ap_fifo, sc_fifo_chn_120, pointer</column>
<column name="sc_fifo_chn_120_full_n">in, 1, ap_fifo, sc_fifo_chn_120, pointer</column>
<column name="sc_fifo_chn_120_write">out, 1, ap_fifo, sc_fifo_chn_120, pointer</column>
<column name="sc_fifo_chn_140_din">out, 32, ap_fifo, sc_fifo_chn_140, pointer</column>
<column name="sc_fifo_chn_140_full_n">in, 1, ap_fifo, sc_fifo_chn_140, pointer</column>
<column name="sc_fifo_chn_140_write">out, 1, ap_fifo, sc_fifo_chn_140, pointer</column>
<column name="responce_s2">in, 32, ap_none, responce_s2, pointer</column>
<column name="fw_lower_range_2">in, 32, ap_none, fw_lower_range_2, pointer</column>
<column name="fw_upper_range_2">in, 32, ap_none, fw_upper_range_2, pointer</column>
<column name="fw_rule_range_2">in, 32, ap_none, fw_rule_range_2, pointer</column>
<column name="four_port_sw_count_total_2_V_i">in, 32, ap_ovld, four_port_sw_count_total_2_V, pointer</column>
<column name="four_port_sw_count_total_2_V_o">out, 32, ap_ovld, four_port_sw_count_total_2_V, pointer</column>
<column name="four_port_sw_count_total_2_V_o_ap_vld">out, 1, ap_ovld, four_port_sw_count_total_2_V, pointer</column>
<column name="four_port_sw_count_droped_2_V_i">in, 32, ap_ovld, four_port_sw_count_droped_2_V, pointer</column>
<column name="four_port_sw_count_droped_2_V_o">out, 32, ap_ovld, four_port_sw_count_droped_2_V, pointer</column>
<column name="four_port_sw_count_droped_2_V_o_ap_vld">out, 1, ap_ovld, four_port_sw_count_droped_2_V, pointer</column>
<column name="four_port_sw_rule_hit_counter_2_V_i">in, 32, ap_ovld, four_port_sw_rule_hit_counter_2_V, pointer</column>
<column name="four_port_sw_rule_hit_counter_2_V_o">out, 32, ap_ovld, four_port_sw_rule_hit_counter_2_V, pointer</column>
<column name="four_port_sw_rule_hit_counter_2_V_o_ap_vld">out, 1, ap_ovld, four_port_sw_rule_hit_counter_2_V, pointer</column>
</table>
</item>
</section>
</profile>
