<profile>

<section name = "Vivado HLS Report for 'four_port_sw_setupfw_rule'" level="0">
<item name = "Date">Mon Mar 28 03:48:08 2016
</item>
<item name = "Version">2014.4 (Build 1071461 on Tue Nov 18 16:42:57 PM 2014)</item>
<item name = "Project">four_port_router</item>
<item name = "Solution">solution1</item>
<item name = "Product family">zynq</item>
<item name = "Target device">xc7z020clg484-1</item>
</section>

<section name = "Performance Estimates" level="0">
<item name = "Timing (ns)">
<section name = "" level="1">
<item name = "Summary"><table name="" hasTotal="0">
<keys size="4">Clock, Target, Estimated, Uncertainty</keys>
<column name="default">10.00, 2.52, 1.25</column>
</table>
</item>
</section>
</item>
<item name = "Latency (clock cycles)">
<section name = "" level="1">
<item name = "Summary"><table name="" hasTotal="0">
<keys size="6">, min, max, min, max, Type</keys>
<column name="">4, 4, 4, 4, none</column>
</table>
</item>
<item name = "Detail">
<section name = "" level="1">
<item name = "Instance"><table name="" hasTotal="0">
<keys size="7">Instance, Module, min, max, min, max, Type</keys>
</table>
</item>
<item name = "Loop"><table name="" hasTotal="0">
<keys size="8">Loop Name, min, max, Latency, achieved, target, Count, Pipelined</keys>
<column name="- Loop 1">1, 1, 1, -, -, inf, no</column>
</table>
</item>
</section>
</item>
</section>
</item>
</section>

<section name = "Utilization Estimates" level="0">
<item name = "Summary"><table name="" hasTotal="1">
<keys size="5">Name, BRAM_18K, DSP48E, FF, LUT</keys>
<column name="Expression">-, -, 0, 160</column>
<column name="FIFO">-, -, -, -</column>
<column name="Instance">-, -, -, -</column>
<column name="Memory">-, -, -, -</column>
<column name="Multiplexer">-, -, -, 129</column>
<column name="Register">-, -, 132, -</column>
<specialColumn name="Available">280, 220, 106400, 53200</specialColumn>
<specialColumn name="Utilization (%)">0, 0, ~0, ~0</specialColumn>
</table>
</item>
<item name = "Detail">
<section name = "" level="1">
<item name = "Instance"><table name="" hasTotal="1">
<keys size="6">Instance, Module, BRAM_18K, DSP48E, FF, LUT</keys>
</table>
</item>
<item name = "Memory"><table name="" hasTotal="1">
<keys size="9">Memory, Module, BRAM_18K, FF, LUT, Words, Bits, Banks, W*Bits*Banks</keys>
</table>
</item>
<item name = "FIFO"><table name="" hasTotal="1">
<keys size="7">Name, BRAM_18K, FF, LUT, Depth, Bits, Size:D*B</keys>
</table>
</item>
<item name = "Expression"><table name="" hasTotal="1">
<keys size="7">Variable Name, Operation, DSP48E, FF, LUT, Bitwidth P0, Bitwidth P1</keys>
<column name="tmp_1_fu_622_p2">icmp, 0, 0, 40, 32, 32</column>
<column name="tmp_2_fu_636_p2">icmp, 0, 0, 40, 32, 32</column>
<column name="tmp_3_fu_650_p2">icmp, 0, 0, 40, 32, 32</column>
<column name="tmp_fu_608_p2">icmp, 0, 0, 40, 32, 32</column>
</table>
</item>
<item name = "Multiplexer"><table name="" hasTotal="1">
<keys size="5">Name, LUT, Input Size, Bits, Total Bits</keys>
<column name="ap_NS_fsm">1, 5, 1, 5</column>
<column name="v_V_12_fu_388">32, 2, 32, 64</column>
<column name="v_V_4_fu_396">32, 2, 32, 64</column>
<column name="v_V_8_fu_392">32, 2, 32, 64</column>
<column name="v_V_fu_400">32, 2, 32, 64</column>
</table>
</item>
<item name = "Register"><table name="" hasTotal="1">
<keys size="5">Name, FF, LUT, Bits, Const Bits</keys>
<column name="ap_CS_fsm">4, 0, 4, 0</column>
<column name="v_V_12_fu_388">32, 0, 32, 0</column>
<column name="v_V_4_fu_396">32, 0, 32, 0</column>
<column name="v_V_8_fu_392">32, 0, 32, 0</column>
<column name="v_V_fu_400">32, 0, 32, 0</column>
</table>
</item>
</section>
</item>
</section>

<section name = "Interface" level="0">
<item name = "Summary"><table name="" hasTotal="0">
<keys size="6">RTL Ports, Dir, Bits, Protocol, Source Object, C Type</keys>
<column name="ap_clk">in, 1, ap_ctrl_hs, four_port_sw::four_port_sw_four_port_sw::setupfw_rule, return value</column>
<column name="ap_rst">in, 1, ap_ctrl_hs, four_port_sw::four_port_sw_four_port_sw::setupfw_rule, return value</column>
<column name="setup_lower_range_0">in, 32, ap_none, setup_lower_range_0, pointer</column>
<column name="setup_lower_range_1">in, 32, ap_none, setup_lower_range_1, pointer</column>
<column name="setup_lower_range_2">in, 32, ap_none, setup_lower_range_2, pointer</column>
<column name="setup_lower_range_3">in, 32, ap_none, setup_lower_range_3, pointer</column>
<column name="setup_upper_range_0">in, 32, ap_none, setup_upper_range_0, pointer</column>
<column name="setup_upper_range_1">in, 32, ap_none, setup_upper_range_1, pointer</column>
<column name="setup_upper_range_2">in, 32, ap_none, setup_upper_range_2, pointer</column>
<column name="setup_upper_range_3">in, 32, ap_none, setup_upper_range_3, pointer</column>
<column name="setup_rule_range_0">in, 32, ap_none, setup_rule_range_0, pointer</column>
<column name="setup_rule_range_1">in, 32, ap_none, setup_rule_range_1, pointer</column>
<column name="setup_rule_range_2">in, 32, ap_none, setup_rule_range_2, pointer</column>
<column name="setup_rule_range_3">in, 32, ap_none, setup_rule_range_3, pointer</column>
<column name="fw_lower_range_0">out, 32, ap_vld, fw_lower_range_0, pointer</column>
<column name="fw_lower_range_0_ap_vld">out, 1, ap_vld, fw_lower_range_0, pointer</column>
<column name="fw_lower_range_1">out, 32, ap_vld, fw_lower_range_1, pointer</column>
<column name="fw_lower_range_1_ap_vld">out, 1, ap_vld, fw_lower_range_1, pointer</column>
<column name="fw_lower_range_2">out, 32, ap_vld, fw_lower_range_2, pointer</column>
<column name="fw_lower_range_2_ap_vld">out, 1, ap_vld, fw_lower_range_2, pointer</column>
<column name="fw_lower_range_3">out, 32, ap_vld, fw_lower_range_3, pointer</column>
<column name="fw_lower_range_3_ap_vld">out, 1, ap_vld, fw_lower_range_3, pointer</column>
<column name="fw_upper_range_0">out, 32, ap_vld, fw_upper_range_0, pointer</column>
<column name="fw_upper_range_0_ap_vld">out, 1, ap_vld, fw_upper_range_0, pointer</column>
<column name="fw_upper_range_1">out, 32, ap_vld, fw_upper_range_1, pointer</column>
<column name="fw_upper_range_1_ap_vld">out, 1, ap_vld, fw_upper_range_1, pointer</column>
<column name="fw_upper_range_2">out, 32, ap_vld, fw_upper_range_2, pointer</column>
<column name="fw_upper_range_2_ap_vld">out, 1, ap_vld, fw_upper_range_2, pointer</column>
<column name="fw_upper_range_3">out, 32, ap_vld, fw_upper_range_3, pointer</column>
<column name="fw_upper_range_3_ap_vld">out, 1, ap_vld, fw_upper_range_3, pointer</column>
<column name="fw_rule_range_0">out, 32, ap_vld, fw_rule_range_0, pointer</column>
<column name="fw_rule_range_0_ap_vld">out, 1, ap_vld, fw_rule_range_0, pointer</column>
<column name="fw_rule_range_1">out, 32, ap_vld, fw_rule_range_1, pointer</column>
<column name="fw_rule_range_1_ap_vld">out, 1, ap_vld, fw_rule_range_1, pointer</column>
<column name="fw_rule_range_2">out, 32, ap_vld, fw_rule_range_2, pointer</column>
<column name="fw_rule_range_2_ap_vld">out, 1, ap_vld, fw_rule_range_2, pointer</column>
<column name="fw_rule_range_3">out, 32, ap_vld, fw_rule_range_3, pointer</column>
<column name="fw_rule_range_3_ap_vld">out, 1, ap_vld, fw_rule_range_3, pointer</column>
</table>
</item>
</section>
</profile>
