<profile>

<section name = "Vivado HLS Report for 'four_port_sw_entry_sw_2'" level="0">
<item name = "Date">Mon Mar 28 03:47:43 2016
</item>
<item name = "Version">2014.4 (Build 1071461 on Tue Nov 18 16:42:57 PM 2014)</item>
<item name = "Project">four_port_router</item>
<item name = "Solution">solution1</item>
<item name = "Product family">zynq</item>
<item name = "Target device">xc7z020clg484-1</item>
</section>

<section name = "Performance Estimates" level="0">
<item name = "Timing (ns)">
<section name = "" level="1">
<item name = "Summary"><table name="" hasTotal="0">
<keys size="4">Clock, Target, Estimated, Uncertainty</keys>
<column name="default">10.00, 4.01, 1.25</column>
</table>
</item>
</section>
</item>
<item name = "Latency (clock cycles)">
<section name = "" level="1">
<item name = "Summary"><table name="" hasTotal="0">
<keys size="6">, min, max, min, max, Type</keys>
<column name="">4, 4, 4, 4, none</column>
</table>
</item>
<item name = "Detail">
<section name = "" level="1">
<item name = "Instance"><table name="" hasTotal="0">
<keys size="7">Instance, Module, min, max, min, max, Type</keys>
</table>
</item>
<item name = "Loop"><table name="" hasTotal="0">
<keys size="8">Loop Name, min, max, Latency, achieved, target, Count, Pipelined</keys>
<column name="- Loop 1">2, 2, 2, -, -, inf, no</column>
</table>
</item>
</section>
</item>
</section>
</item>
</section>

<section name = "Utilization Estimates" level="0">
<item name = "Summary"><table name="" hasTotal="1">
<keys size="5">Name, BRAM_18K, DSP48E, FF, LUT</keys>
<column name="Expression">-, -, -, -</column>
<column name="FIFO">-, -, -, -</column>
<column name="Instance">-, -, -, -</column>
<column name="Memory">-, -, -, -</column>
<column name="Multiplexer">-, -, -, 65</column>
<column name="Register">-, -, 4, -</column>
<specialColumn name="Available">280, 220, 106400, 53200</specialColumn>
<specialColumn name="Utilization (%)">0, 0, ~0, ~0</specialColumn>
</table>
</item>
<item name = "Detail">
<section name = "" level="1">
<item name = "Instance"><table name="" hasTotal="1">
<keys size="6">Instance, Module, BRAM_18K, DSP48E, FF, LUT</keys>
</table>
</item>
<item name = "Memory"><table name="" hasTotal="1">
<keys size="9">Memory, Module, BRAM_18K, FF, LUT, Words, Bits, Banks, W*Bits*Banks</keys>
</table>
</item>
<item name = "FIFO"><table name="" hasTotal="1">
<keys size="7">Name, BRAM_18K, FF, LUT, Depth, Bits, Size:D*B</keys>
</table>
</item>
<item name = "Expression"><table name="" hasTotal="1">
<keys size="7">Variable Name, Operation, DSP48E, FF, LUT, Bitwidth P0, Bitwidth P1</keys>
</table>
</item>
<item name = "Multiplexer"><table name="" hasTotal="1">
<keys size="5">Name, LUT, Input Size, Bits, Total Bits</keys>
<column name="ap_NS_fsm">1, 4, 1, 4</column>
<column name="sc_fifo_chn_110_din">32, 3, 32, 96</column>
<column name="sc_fifo_chn_19_din">32, 3, 32, 96</column>
</table>
</item>
<item name = "Register"><table name="" hasTotal="1">
<keys size="5">Name, FF, LUT, Bits, Const Bits</keys>
<column name="ap_CS_fsm">4, 0, 4, 0</column>
</table>
</item>
</section>
</item>
</section>

<section name = "Interface" level="0">
<item name = "Summary"><table name="" hasTotal="0">
<keys size="6">RTL Ports, Dir, Bits, Protocol, Source Object, C Type</keys>
<column name="ap_clk">in, 1, ap_ctrl_hs, four_port_sw::four_port_sw_four_port_sw::entry_sw_2, return value</column>
<column name="ap_rst">in, 1, ap_ctrl_hs, four_port_sw::four_port_sw_four_port_sw::entry_sw_2, return value</column>
<column name="sc_fifo_chn_15_dout">in, 32, ap_fifo, sc_fifo_chn_15, pointer</column>
<column name="sc_fifo_chn_15_empty_n">in, 1, ap_fifo, sc_fifo_chn_15, pointer</column>
<column name="sc_fifo_chn_15_read">out, 1, ap_fifo, sc_fifo_chn_15, pointer</column>
<column name="sc_fifo_chn_16_dout">in, 32, ap_fifo, sc_fifo_chn_16, pointer</column>
<column name="sc_fifo_chn_16_empty_n">in, 1, ap_fifo, sc_fifo_chn_16, pointer</column>
<column name="sc_fifo_chn_16_read">out, 1, ap_fifo, sc_fifo_chn_16, pointer</column>
<column name="sc_fifo_chn_19_din">out, 32, ap_fifo, sc_fifo_chn_19, pointer</column>
<column name="sc_fifo_chn_19_full_n">in, 1, ap_fifo, sc_fifo_chn_19, pointer</column>
<column name="sc_fifo_chn_19_write">out, 1, ap_fifo, sc_fifo_chn_19, pointer</column>
<column name="sc_fifo_chn_110_din">out, 32, ap_fifo, sc_fifo_chn_110, pointer</column>
<column name="sc_fifo_chn_110_full_n">in, 1, ap_fifo, sc_fifo_chn_110, pointer</column>
<column name="sc_fifo_chn_110_write">out, 1, ap_fifo, sc_fifo_chn_110, pointer</column>
</table>
</item>
</section>
</profile>
