<profile>

<section name = "Vivado HLS Report for 'four_port_sw_entry_response'" level="0">
<item name = "Date">Mon Mar 28 03:47:39 2016
</item>
<item name = "Version">2014.4 (Build 1071461 on Tue Nov 18 16:42:57 PM 2014)</item>
<item name = "Project">four_port_router</item>
<item name = "Solution">solution1</item>
<item name = "Product family">zynq</item>
<item name = "Target device">xc7z020clg484-1</item>
</section>

<section name = "Performance Estimates" level="0">
<item name = "Timing (ns)">
<section name = "" level="1">
<item name = "Summary"><table name="" hasTotal="0">
<keys size="4">Clock, Target, Estimated, Uncertainty</keys>
<column name="default">10.00, 6.11, 1.25</column>
</table>
</item>
</section>
</item>
<item name = "Latency (clock cycles)">
<section name = "" level="1">
<item name = "Summary"><table name="" hasTotal="0">
<keys size="6">, min, max, min, max, Type</keys>
<column name="">8, 8, 8, 8, none</column>
</table>
</item>
<item name = "Detail">
<section name = "" level="1">
<item name = "Instance"><table name="" hasTotal="0">
<keys size="7">Instance, Module, min, max, min, max, Type</keys>
</table>
</item>
<item name = "Loop"><table name="" hasTotal="0">
<keys size="8">Loop Name, min, max, Latency, achieved, target, Count, Pipelined</keys>
<column name="- Loop 1">5, 5, 5, -, -, inf, no</column>
</table>
</item>
</section>
</item>
</section>
</item>
</section>

<section name = "Utilization Estimates" level="0">
<item name = "Summary"><table name="" hasTotal="1">
<keys size="5">Name, BRAM_18K, DSP48E, FF, LUT</keys>
<column name="Expression">-, -, 0, 296</column>
<column name="FIFO">-, -, -, -</column>
<column name="Instance">-, -, -, -</column>
<column name="Memory">-, -, -, -</column>
<column name="Multiplexer">-, -, -, 516</column>
<column name="Register">-, -, 396, -</column>
<specialColumn name="Available">280, 220, 106400, 53200</specialColumn>
<specialColumn name="Utilization (%)">0, 0, ~0, 1</specialColumn>
</table>
</item>
<item name = "Detail">
<section name = "" level="1">
<item name = "Instance"><table name="" hasTotal="1">
<keys size="6">Instance, Module, BRAM_18K, DSP48E, FF, LUT</keys>
</table>
</item>
<item name = "Memory"><table name="" hasTotal="1">
<keys size="9">Memory, Module, BRAM_18K, FF, LUT, Words, Bits, Banks, W*Bits*Banks</keys>
</table>
</item>
<item name = "FIFO"><table name="" hasTotal="1">
<keys size="7">Name, BRAM_18K, FF, LUT, Depth, Bits, Size:D*B</keys>
</table>
</item>
<item name = "Expression"><table name="" hasTotal="1">
<keys size="7">Variable Name, Operation, DSP48E, FF, LUT, Bitwidth P0, Bitwidth P1</keys>
<column name="v_V_41_fu_635_p3">Select, 0, 0, 32, 1, 32</column>
<column name="v_V_43_fu_712_p3">Select, 0, 0, 32, 1, 32</column>
<column name="v_V_48_fu_731_p3">Select, 0, 0, 32, 1, 32</column>
<column name="v_V_50_fu_808_p3">Select, 0, 0, 32, 1, 32</column>
<column name="v_V_55_fu_827_p3">Select, 0, 0, 32, 1, 32</column>
<column name="v_V_57_fu_904_p3">Select, 0, 0, 32, 1, 32</column>
<column name="v_V_62_fu_923_p3">Select, 0, 0, 32, 1, 32</column>
<column name="v_V_fu_616_p3">Select, 0, 0, 32, 1, 32</column>
<column name="ap_sig_bdd_237">and, 0, 0, 1, 1, 1</column>
<column name="ap_sig_bdd_245">and, 0, 0, 1, 1, 1</column>
<column name="ap_sig_bdd_253">and, 0, 0, 1, 1, 1</column>
<column name="ap_sig_bdd_261">and, 0, 0, 1, 1, 1</column>
<column name="tmp_54_fu_684_p2">icmp, 0, 0, 3, 2, 3</column>
<column name="tmp_55_fu_690_p2">icmp, 0, 0, 2, 2, 2</column>
<column name="tmp_56_fu_768_p2">icmp, 0, 0, 2, 2, 1</column>
<column name="tmp_57_fu_774_p2">icmp, 0, 0, 2, 2, 1</column>
<column name="tmp_58_fu_780_p2">icmp, 0, 0, 3, 2, 3</column>
<column name="tmp_59_fu_786_p2">icmp, 0, 0, 2, 2, 2</column>
<column name="tmp_60_fu_864_p2">icmp, 0, 0, 2, 2, 1</column>
<column name="tmp_61_fu_870_p2">icmp, 0, 0, 2, 2, 1</column>
<column name="tmp_62_fu_876_p2">icmp, 0, 0, 3, 2, 3</column>
<column name="tmp_63_fu_882_p2">icmp, 0, 0, 2, 2, 2</column>
<column name="tmp_64_fu_962_p2">icmp, 0, 0, 2, 2, 1</column>
<column name="tmp_65_fu_968_p2">icmp, 0, 0, 2, 2, 1</column>
<column name="tmp_66_fu_974_p2">icmp, 0, 0, 3, 2, 3</column>
<column name="tmp_67_fu_980_p2">icmp, 0, 0, 2, 2, 2</column>
<column name="tmp_fu_672_p2">icmp, 0, 0, 2, 2, 1</column>
<column name="tmp_s_fu_678_p2">icmp, 0, 0, 2, 2, 1</column>
</table>
</item>
<item name = "Multiplexer"><table name="" hasTotal="1">
<keys size="5">Name, LUT, Input Size, Bits, Total Bits</keys>
<column name="ap_NS_fsm">4, 9, 1, 9</column>
<column name="four_port_sw_responce0_V">32, 3, 32, 96</column>
<column name="four_port_sw_responce1_V">32, 3, 32, 96</column>
<column name="four_port_sw_responce2_V">32, 3, 32, 96</column>
<column name="four_port_sw_responce3_V">32, 3, 32, 96</column>
<column name="in_responce_0">32, 6, 32, 192</column>
<column name="in_responce_1">32, 6, 32, 192</column>
<column name="in_responce_2">32, 6, 32, 192</column>
<column name="in_responce_3">32, 6, 32, 192</column>
<column name="responce_s0">32, 6, 32, 192</column>
<column name="responce_s1">32, 6, 32, 192</column>
<column name="responce_s2">32, 6, 32, 192</column>
<column name="responce_s3">32, 6, 32, 192</column>
<column name="storemerge1_phi_fu_571_p4">32, 3, 32, 96</column>
<column name="storemerge8_phi_fu_589_p4">32, 3, 32, 96</column>
<column name="storemerge9_phi_fu_580_p4">32, 3, 32, 96</column>
<column name="storemerge_phi_fu_598_p4">32, 3, 32, 96</column>
</table>
</item>
<item name = "Register"><table name="" hasTotal="1">
<keys size="5">Name, FF, LUT, Bits, Const Bits</keys>
<column name="ap_CS_fsm">8, 0, 8, 0</column>
<column name="p_emptyn_10_reg_1105">1, 0, 1, 0</column>
<column name="p_emptyn_6_reg_1045">1, 0, 1, 0</column>
<column name="p_emptyn_8_reg_1075">1, 0, 1, 0</column>
<column name="p_emptyn_reg_1015">1, 0, 1, 0</column>
<column name="v_V_36_fu_424">32, 0, 32, 0</column>
<column name="v_V_41_reg_1028">32, 0, 32, 0</column>
<column name="v_V_42_fu_420">32, 0, 32, 0</column>
<column name="v_V_43_reg_1049">32, 0, 32, 0</column>
<column name="v_V_48_reg_1058">32, 0, 32, 0</column>
<column name="v_V_49_fu_416">32, 0, 32, 0</column>
<column name="v_V_50_reg_1079">32, 0, 32, 0</column>
<column name="v_V_55_reg_1088">32, 0, 32, 0</column>
<column name="v_V_56_fu_412">32, 0, 32, 0</column>
<column name="v_V_57_reg_1109">32, 0, 32, 0</column>
<column name="v_V_62_reg_1118">32, 0, 32, 0</column>
<column name="v_V_reg_1019">32, 0, 32, 0</column>
</table>
</item>
</section>
</item>
</section>

<section name = "Interface" level="0">
<item name = "Summary"><table name="" hasTotal="0">
<keys size="6">RTL Ports, Dir, Bits, Protocol, Source Object, C Type</keys>
<column name="ap_clk">in, 1, ap_ctrl_hs, four_port_sw::four_port_sw_four_port_sw::entry_response, return value</column>
<column name="ap_rst">in, 1, ap_ctrl_hs, four_port_sw::four_port_sw_four_port_sw::entry_response, return value</column>
<column name="in_responce_0">out, 32, ap_vld, in_responce_0, pointer</column>
<column name="in_responce_0_ap_vld">out, 1, ap_vld, in_responce_0, pointer</column>
<column name="in_responce_1">out, 32, ap_vld, in_responce_1, pointer</column>
<column name="in_responce_1_ap_vld">out, 1, ap_vld, in_responce_1, pointer</column>
<column name="in_responce_2">out, 32, ap_vld, in_responce_2, pointer</column>
<column name="in_responce_2_ap_vld">out, 1, ap_vld, in_responce_2, pointer</column>
<column name="in_responce_3">out, 32, ap_vld, in_responce_3, pointer</column>
<column name="in_responce_3_ap_vld">out, 1, ap_vld, in_responce_3, pointer</column>
<column name="sc_fifo_chn_126_dout">in, 32, ap_fifo, sc_fifo_chn_126, pointer</column>
<column name="sc_fifo_chn_126_empty_n">in, 1, ap_fifo, sc_fifo_chn_126, pointer</column>
<column name="sc_fifo_chn_126_read">out, 1, ap_fifo, sc_fifo_chn_126, pointer</column>
<column name="sc_fifo_chn_127_dout">in, 32, ap_fifo, sc_fifo_chn_127, pointer</column>
<column name="sc_fifo_chn_127_empty_n">in, 1, ap_fifo, sc_fifo_chn_127, pointer</column>
<column name="sc_fifo_chn_127_read">out, 1, ap_fifo, sc_fifo_chn_127, pointer</column>
<column name="sc_fifo_chn_128_dout">in, 32, ap_fifo, sc_fifo_chn_128, pointer</column>
<column name="sc_fifo_chn_128_empty_n">in, 1, ap_fifo, sc_fifo_chn_128, pointer</column>
<column name="sc_fifo_chn_128_read">out, 1, ap_fifo, sc_fifo_chn_128, pointer</column>
<column name="sc_fifo_chn_129_dout">in, 32, ap_fifo, sc_fifo_chn_129, pointer</column>
<column name="sc_fifo_chn_129_empty_n">in, 1, ap_fifo, sc_fifo_chn_129, pointer</column>
<column name="sc_fifo_chn_129_read">out, 1, ap_fifo, sc_fifo_chn_129, pointer</column>
<column name="sc_fifo_chn_130_dout">in, 32, ap_fifo, sc_fifo_chn_130, pointer</column>
<column name="sc_fifo_chn_130_empty_n">in, 1, ap_fifo, sc_fifo_chn_130, pointer</column>
<column name="sc_fifo_chn_130_read">out, 1, ap_fifo, sc_fifo_chn_130, pointer</column>
<column name="sc_fifo_chn_131_dout">in, 32, ap_fifo, sc_fifo_chn_131, pointer</column>
<column name="sc_fifo_chn_131_empty_n">in, 1, ap_fifo, sc_fifo_chn_131, pointer</column>
<column name="sc_fifo_chn_131_read">out, 1, ap_fifo, sc_fifo_chn_131, pointer</column>
<column name="sc_fifo_chn_132_dout">in, 32, ap_fifo, sc_fifo_chn_132, pointer</column>
<column name="sc_fifo_chn_132_empty_n">in, 1, ap_fifo, sc_fifo_chn_132, pointer</column>
<column name="sc_fifo_chn_132_read">out, 1, ap_fifo, sc_fifo_chn_132, pointer</column>
<column name="sc_fifo_chn_133_dout">in, 32, ap_fifo, sc_fifo_chn_133, pointer</column>
<column name="sc_fifo_chn_133_empty_n">in, 1, ap_fifo, sc_fifo_chn_133, pointer</column>
<column name="sc_fifo_chn_133_read">out, 1, ap_fifo, sc_fifo_chn_133, pointer</column>
<column name="responce_s0">out, 32, ap_vld, responce_s0, pointer</column>
<column name="responce_s0_ap_vld">out, 1, ap_vld, responce_s0, pointer</column>
<column name="responce_s1">out, 32, ap_vld, responce_s1, pointer</column>
<column name="responce_s1_ap_vld">out, 1, ap_vld, responce_s1, pointer</column>
<column name="responce_s2">out, 32, ap_vld, responce_s2, pointer</column>
<column name="responce_s2_ap_vld">out, 1, ap_vld, responce_s2, pointer</column>
<column name="responce_s3">out, 32, ap_vld, responce_s3, pointer</column>
<column name="responce_s3_ap_vld">out, 1, ap_vld, responce_s3, pointer</column>
<column name="four_port_sw_responce0_V">out, 32, ap_vld, four_port_sw_responce0_V, pointer</column>
<column name="four_port_sw_responce0_V_ap_vld">out, 1, ap_vld, four_port_sw_responce0_V, pointer</column>
<column name="four_port_sw_responce1_V">out, 32, ap_vld, four_port_sw_responce1_V, pointer</column>
<column name="four_port_sw_responce1_V_ap_vld">out, 1, ap_vld, four_port_sw_responce1_V, pointer</column>
<column name="four_port_sw_responce2_V">out, 32, ap_vld, four_port_sw_responce2_V, pointer</column>
<column name="four_port_sw_responce2_V_ap_vld">out, 1, ap_vld, four_port_sw_responce2_V, pointer</column>
<column name="four_port_sw_responce3_V">out, 32, ap_vld, four_port_sw_responce3_V, pointer</column>
<column name="four_port_sw_responce3_V_ap_vld">out, 1, ap_vld, four_port_sw_responce3_V, pointer</column>
</table>
</item>
</section>
</profile>
