<?xml version="1.0" encoding="utf-8"?>
<xd:acceleratorMap xmlns:xd="http://www.xilinx.com/xidane" xd:functionName="four_port_sw" xd:componentRef="four_port_sw" xd:initiationInterval="14" xd:clockPeriod="10.000000" xd:sequential="true" xd:hostMachine="64">
  <xd:arg xd:name="in_0" xd:originalName="in_0" xd:direction="in" xd:interfaceRef="S_AXI_SLV0" xd:busTypeRef="axilite" xd:offset="0x14" xd:handshakeRef="ap_none"/>
  <xd:arg xd:name="in_1" xd:originalName="in_1" xd:direction="in" xd:interfaceRef="S_AXI_SLV1" xd:busTypeRef="axilite" xd:offset="0x14" xd:handshakeRef="ap_none"/>
  <xd:arg xd:name="in_2" xd:originalName="in_2" xd:direction="in" xd:interfaceRef="S_AXI_SLV2" xd:busTypeRef="axilite" xd:offset="0x14" xd:handshakeRef="ap_none"/>
  <xd:arg xd:name="in_3" xd:originalName="in_3" xd:direction="in" xd:interfaceRef="S_AXI_SLV3" xd:busTypeRef="axilite" xd:offset="0x14" xd:handshakeRef="ap_none"/>
  <xd:arg xd:name="in_responce_0" xd:originalName="in_responce_0" xd:direction="out" xd:interfaceRef="S_AXI_SLV0" xd:busTypeRef="axilite" xd:offset="0x1C" xd:handshakeRef="ap_none"/>
  <xd:arg xd:name="in_responce_1" xd:originalName="in_responce_1" xd:direction="out" xd:interfaceRef="S_AXI_SLV1" xd:busTypeRef="axilite" xd:offset="0x1C" xd:handshakeRef="ap_none"/>
  <xd:arg xd:name="in_responce_2" xd:originalName="in_responce_2" xd:direction="out" xd:interfaceRef="S_AXI_SLV2" xd:busTypeRef="axilite" xd:offset="0x1C" xd:handshakeRef="ap_none"/>
  <xd:arg xd:name="in_responce_3" xd:originalName="in_responce_3" xd:direction="out" xd:interfaceRef="S_AXI_SLV3" xd:busTypeRef="axilite" xd:offset="0x1C" xd:handshakeRef="ap_none"/>
  <xd:arg xd:name="out_0" xd:originalName="out_0" xd:direction="inout" xd:interfaceRef="M_AXI_OUT_0" xd:busTypeRef="aximm"/>
  <xd:arg xd:name="out_1" xd:originalName="out_1" xd:direction="inout" xd:interfaceRef="M_AXI_OUT_1" xd:busTypeRef="aximm"/>
  <xd:arg xd:name="out_2" xd:originalName="out_2" xd:direction="inout" xd:interfaceRef="M_AXI_OUT_2" xd:busTypeRef="aximm"/>
  <xd:arg xd:name="out_3" xd:originalName="out_3" xd:direction="inout" xd:interfaceRef="M_AXI_OUT_3" xd:busTypeRef="aximm"/>
  <xd:arg xd:name="setup_lower_range_0" xd:originalName="setup_lower_range_0" xd:direction="in" xd:interfaceRef="S_AXI_FW_SETUP" xd:busTypeRef="axilite" xd:offset="0x14" xd:handshakeRef="ap_none"/>
  <xd:arg xd:name="setup_lower_range_1" xd:originalName="setup_lower_range_1" xd:direction="in" xd:interfaceRef="S_AXI_FW_SETUP" xd:busTypeRef="axilite" xd:offset="0x1C" xd:handshakeRef="ap_none"/>
  <xd:arg xd:name="setup_lower_range_2" xd:originalName="setup_lower_range_2" xd:direction="in" xd:interfaceRef="S_AXI_FW_SETUP" xd:busTypeRef="axilite" xd:offset="0x24" xd:handshakeRef="ap_none"/>
  <xd:arg xd:name="setup_lower_range_3" xd:originalName="setup_lower_range_3" xd:direction="in" xd:interfaceRef="S_AXI_FW_SETUP" xd:busTypeRef="axilite" xd:offset="0x2C" xd:handshakeRef="ap_none"/>
  <xd:arg xd:name="setup_upper_range_0" xd:originalName="setup_upper_range_0" xd:direction="in" xd:interfaceRef="S_AXI_FW_SETUP" xd:busTypeRef="axilite" xd:offset="0x34" xd:handshakeRef="ap_none"/>
  <xd:arg xd:name="setup_upper_range_1" xd:originalName="setup_upper_range_1" xd:direction="in" xd:interfaceRef="S_AXI_FW_SETUP" xd:busTypeRef="axilite" xd:offset="0x3C" xd:handshakeRef="ap_none"/>
  <xd:arg xd:name="setup_upper_range_2" xd:originalName="setup_upper_range_2" xd:direction="in" xd:interfaceRef="S_AXI_FW_SETUP" xd:busTypeRef="axilite" xd:offset="0x44" xd:handshakeRef="ap_none"/>
  <xd:arg xd:name="setup_upper_range_3" xd:originalName="setup_upper_range_3" xd:direction="in" xd:interfaceRef="S_AXI_FW_SETUP" xd:busTypeRef="axilite" xd:offset="0x4C" xd:handshakeRef="ap_none"/>
  <xd:arg xd:name="setup_rule_range_0" xd:originalName="setup_rule_range_0" xd:direction="in" xd:interfaceRef="S_AXI_FW_SETUP" xd:busTypeRef="axilite" xd:offset="0x54" xd:handshakeRef="ap_none"/>
  <xd:arg xd:name="setup_rule_range_1" xd:originalName="setup_rule_range_1" xd:direction="in" xd:interfaceRef="S_AXI_FW_SETUP" xd:busTypeRef="axilite" xd:offset="0x5C" xd:handshakeRef="ap_none"/>
  <xd:arg xd:name="setup_rule_range_2" xd:originalName="setup_rule_range_2" xd:direction="in" xd:interfaceRef="S_AXI_FW_SETUP" xd:busTypeRef="axilite" xd:offset="0x64" xd:handshakeRef="ap_none"/>
  <xd:arg xd:name="setup_rule_range_3" xd:originalName="setup_rule_range_3" xd:direction="in" xd:interfaceRef="S_AXI_FW_SETUP" xd:busTypeRef="axilite" xd:offset="0x6C" xd:handshakeRef="ap_none"/>
  <xd:arg xd:name="total_0" xd:originalName="total_0" xd:direction="out" xd:interfaceRef="S_AXI_SLV0" xd:busTypeRef="axilite" xd:offset="0x24" xd:handshakeRef="ap_none"/>
  <xd:arg xd:name="total_1" xd:originalName="total_1" xd:direction="out" xd:interfaceRef="S_AXI_SLV1" xd:busTypeRef="axilite" xd:offset="0x24" xd:handshakeRef="ap_none"/>
  <xd:arg xd:name="total_2" xd:originalName="total_2" xd:direction="out" xd:interfaceRef="S_AXI_SLV2" xd:busTypeRef="axilite" xd:offset="0x24" xd:handshakeRef="ap_none"/>
  <xd:arg xd:name="total_3" xd:originalName="total_3" xd:direction="out" xd:interfaceRef="S_AXI_SLV3" xd:busTypeRef="axilite" xd:offset="0x24" xd:handshakeRef="ap_none"/>
  <xd:arg xd:name="droped_0" xd:originalName="droped_0" xd:direction="out" xd:interfaceRef="S_AXI_SLV0" xd:busTypeRef="axilite" xd:offset="0x2C" xd:handshakeRef="ap_none"/>
  <xd:arg xd:name="droped_1" xd:originalName="droped_1" xd:direction="out" xd:interfaceRef="S_AXI_SLV1" xd:busTypeRef="axilite" xd:offset="0x2C" xd:handshakeRef="ap_none"/>
  <xd:arg xd:name="droped_2" xd:originalName="droped_2" xd:direction="out" xd:interfaceRef="S_AXI_SLV2" xd:busTypeRef="axilite" xd:offset="0x2C" xd:handshakeRef="ap_none"/>
  <xd:arg xd:name="droped_3" xd:originalName="droped_3" xd:direction="out" xd:interfaceRef="S_AXI_SLV3" xd:busTypeRef="axilite" xd:offset="0x2C" xd:handshakeRef="ap_none"/>
  <xd:arg xd:name="fw_rule_hit_counter_0" xd:originalName="fw_rule_hit_counter_0" xd:direction="out" xd:interfaceRef="S_AXI_SLV0" xd:busTypeRef="axilite" xd:offset="0x34" xd:handshakeRef="ap_none"/>
  <xd:arg xd:name="fw_rule_hit_counter_1" xd:originalName="fw_rule_hit_counter_1" xd:direction="out" xd:interfaceRef="S_AXI_SLV1" xd:busTypeRef="axilite" xd:offset="0x34" xd:handshakeRef="ap_none"/>
  <xd:arg xd:name="fw_rule_hit_counter_2" xd:originalName="fw_rule_hit_counter_2" xd:direction="out" xd:interfaceRef="S_AXI_SLV2" xd:busTypeRef="axilite" xd:offset="0x34" xd:handshakeRef="ap_none"/>
  <xd:arg xd:name="fw_rule_hit_counter_3" xd:originalName="fw_rule_hit_counter_3" xd:direction="out" xd:interfaceRef="S_AXI_SLV3" xd:busTypeRef="axilite" xd:offset="0x34" xd:handshakeRef="ap_none"/>
  <xd:arg xd:name="fw_hreg_p_0" xd:originalName="fw_hreg_p_0" xd:direction="out" xd:interfaceRef="S_AXI_DEBUGFW" xd:busTypeRef="axilite" xd:offset="0x14" xd:handshakeRef="ap_none"/>
  <xd:arg xd:name="fw_hreg_p_1" xd:originalName="fw_hreg_p_1" xd:direction="out" xd:interfaceRef="S_AXI_DEBUGFW" xd:busTypeRef="axilite" xd:offset="0x1C" xd:handshakeRef="ap_none"/>
  <xd:arg xd:name="fw_hreg_p_2" xd:originalName="fw_hreg_p_2" xd:direction="out" xd:interfaceRef="S_AXI_DEBUGFW" xd:busTypeRef="axilite" xd:offset="0x24" xd:handshakeRef="ap_none"/>
  <xd:arg xd:name="fw_hreg_p_3" xd:originalName="fw_hreg_p_3" xd:direction="out" xd:interfaceRef="S_AXI_DEBUGFW" xd:busTypeRef="axilite" xd:offset="0x2C" xd:handshakeRef="ap_none"/>
  <xd:arg xd:name="fw_lreg_p_0" xd:originalName="fw_lreg_p_0" xd:direction="out" xd:interfaceRef="S_AXI_DEBUGFW" xd:busTypeRef="axilite" xd:offset="0x34" xd:handshakeRef="ap_none"/>
  <xd:arg xd:name="fw_lreg_p_1" xd:originalName="fw_lreg_p_1" xd:direction="out" xd:interfaceRef="S_AXI_DEBUGFW" xd:busTypeRef="axilite" xd:offset="0x3C" xd:handshakeRef="ap_none"/>
  <xd:arg xd:name="fw_lreg_p_2" xd:originalName="fw_lreg_p_2" xd:direction="out" xd:interfaceRef="S_AXI_DEBUGFW" xd:busTypeRef="axilite" xd:offset="0x44" xd:handshakeRef="ap_none"/>
  <xd:arg xd:name="fw_lreg_p_3" xd:originalName="fw_lreg_p_3" xd:direction="out" xd:interfaceRef="S_AXI_DEBUGFW" xd:busTypeRef="axilite" xd:offset="0x4C" xd:handshakeRef="ap_none"/>
  <xd:arg xd:name="fw_rreg_p_0" xd:originalName="fw_rreg_p_0" xd:direction="out" xd:interfaceRef="S_AXI_DEBUGFW" xd:busTypeRef="axilite" xd:offset="0x54" xd:handshakeRef="ap_none"/>
  <xd:arg xd:name="fw_rreg_p_1" xd:originalName="fw_rreg_p_1" xd:direction="out" xd:interfaceRef="S_AXI_DEBUGFW" xd:busTypeRef="axilite" xd:offset="0x5C" xd:handshakeRef="ap_none"/>
  <xd:arg xd:name="fw_rreg_p_2" xd:originalName="fw_rreg_p_2" xd:direction="out" xd:interfaceRef="S_AXI_DEBUGFW" xd:busTypeRef="axilite" xd:offset="0x64" xd:handshakeRef="ap_none"/>
  <xd:arg xd:name="fw_rreg_p_3" xd:originalName="fw_rreg_p_3" xd:direction="out" xd:interfaceRef="S_AXI_DEBUGFW" xd:busTypeRef="axilite" xd:offset="0x6C" xd:handshakeRef="ap_none"/>
  <xd:arg xd:name="reset" xd:originalName="reset" xd:direction="in" xd:interfaceRef="reset" xd:busTypeRef="register" xd:handshakeRef="ap_none"/>
  <xd:latencyEstimates xd:best-case="0" xd:worst-case="13" xd:average-case="3"/>
  <xd:resourceEstimates xd:LUT="6857" xd:FF="4168" xd:BRAM="0" xd:DSP="0"/>
</xd:acceleratorMap>
